url,used
https://www.transfermarkt.com/arthur-vermeeren/profil/spieler/926694,FALSE
https://www.transfermarkt.com/abdukodir-khusanov/profil/spieler/763079,FALSE
https://www.transfermarkt.com/achraf-hakimi/profil/spieler/398073,FALSE
https://www.transfermarkt.com/adam-wharton/profil/spieler/744149,FALSE
https://www.transfermarkt.com/ademola-lookman/profil/spieler/406040,FALSE
https://www.transfermarkt.com/riccardo-orsolini/profil/spieler/368482,FALSE
https://www.transfermarkt.com/leif-davis/profil/spieler/596446,FALSE
https://www.transfermarkt.com/alan-varela/profil/spieler/756990,FALSE
https://www.transfermarkt.com/konstantinos-koulierakis/profil/spieler/669380,FALSE
https://www.transfermarkt.com/alejandro-balde/profil/spieler/636688,FALSE
https://www.transfermarkt.com/alejandro-garnacho/profil/spieler/811779,FALSE
https://www.transfermarkt.com/joel-ordonez/profil/spieler/893661,FALSE
https://www.transfermarkt.com/aleksandar-pavlovic/profil/spieler/792380,FALSE
https://www.transfermarkt.com/alessandro-bastoni/profil/spieler/315853,FALSE
https://www.transfermarkt.com/alessandro-buongiorno/profil/spieler/386446,FALSE
https://www.transfermarkt.com/alex-baena/profil/spieler/548111,FALSE
https://www.transfermarkt.com/frank-anguissa/profil/spieler/354361,FALSE
https://www.transfermarkt.com/alexander-isak/profil/spieler/349066,FALSE
https://www.transfermarkt.com/trevoh-chalobah/profil/spieler/346314,FALSE
https://www.transfermarkt.com/alexis-mac-allister/profil/spieler/534033,FALSE
https://www.transfermarkt.com/alphonso-davies/profil/spieler/424204,FALSE
https://www.transfermarkt.com/alvaro-carreras/profil/spieler/811778,FALSE
https://www.transfermarkt.com/amad-diallo/profil/spieler/536835,FALSE
https://www.transfermarkt.com/amadou-onana/profil/spieler/485706,FALSE
https://www.transfermarkt.com/lucas-chevalier/profil/spieler/463600,FALSE
https://www.transfermarkt.com/diogo-dalot/profil/spieler/357147,FALSE
https://www.transfermarkt.com/artem-dovbyk/profil/spieler/343537,FALSE
https://www.transfermarkt.com/john-stones/profil/spieler/186590,FALSE
https://www.transfermarkt.com/andrea-cambiaso/profil/spieler/459658,FALSE
https://www.transfermarkt.com/andrey-santos/profil/spieler/743600,FALSE
https://www.transfermarkt.com/angelo-stiller/profil/spieler/443710,FALSE
https://www.transfermarkt.com/anthony-elanga/profil/spieler/583189,FALSE
https://www.transfermarkt.com/anthony-gordon/profil/spieler/503733,FALSE
https://www.transfermarkt.com/antoine-semenyo/profil/spieler/583255,FALSE
https://www.transfermarkt.com/antonee-robinson/profil/spieler/349701,FALSE
https://www.transfermarkt.com/bilal-el-khannouss/profil/spieler/654982,FALSE
https://www.transfermarkt.com/antonio-silva/profil/spieler/650568,FALSE
https://www.transfermarkt.com/antony/profil/spieler/602105,FALSE
https://www.transfermarkt.com/archie-gray/profil/spieler/922693,FALSE
https://www.transfermarkt.com/arda-guler/profil/spieler/861410,FALSE
https://www.transfermarkt.com/ardon-jashari/profil/spieler/608172,FALSE
https://www.transfermarkt.com/pepe/profil/spieler/520662,FALSE
https://www.transfermarkt.com/isak-hien/profil/spieler/503075,FALSE
https://www.transfermarkt.com/aaron-wan-bissaka/profil/spieler/477758,FALSE
https://www.transfermarkt.com/raoul-bellanova/profil/spieler/357992,FALSE
https://www.transfermarkt.com/cristhian-mosquera/profil/spieler/646750,FALSE
https://www.transfermarkt.com/aurelien-tchouameni/profil/spieler/413112,FALSE
https://www.transfermarkt.com/konstantinos-karetsas/profil/spieler/990148,FALSE
https://www.transfermarkt.com/dango-ouattara/profil/spieler/823231,FALSE
https://www.transfermarkt.com/jack-grealish/profil/spieler/203460,FALSE
https://www.transfermarkt.com/ola-aina/profil/spieler/236490,FALSE
https://www.transfermarkt.com/pau-torres/profil/spieler/399776,FALSE
https://www.transfermarkt.com/ben-white/profil/spieler/335721,FALSE
https://www.transfermarkt.com/adrien-rabiot/profil/spieler/182913,FALSE
https://www.transfermarkt.com/benjamin-sesko/profil/spieler/627442,FALSE
https://www.transfermarkt.com/thierno-barry/profil/spieler/937941,FALSE
https://www.transfermarkt.com/bernardo-silva/profil/spieler/241641,FALSE
https://www.transfermarkt.com/yasin-ayari/profil/spieler/667287,FALSE
https://www.transfermarkt.com/pervis-estupinan/profil/spieler/349599,FALSE
https://www.transfermarkt.com/boubacar-kamara/profil/spieler/394327,FALSE
https://www.transfermarkt.com/bradley-barcola/profil/spieler/708265,FALSE
https://www.transfermarkt.com/brahim-diaz/profil/spieler/314678,FALSE
https://www.transfermarkt.com/baris-alper-yilmaz/profil/spieler/541537,FALSE
https://www.transfermarkt.com/odilon-kossounou/profil/spieler/644771,FALSE
https://www.transfermarkt.com/bremer/profil/spieler/516716,FALSE
https://www.transfermarkt.com/brennan-johnson/profil/spieler/470607,FALSE
https://www.transfermarkt.com/chrislain-matsima/profil/spieler/569383,FALSE
https://www.transfermarkt.com/bruno-fernandes/profil/spieler/240306,FALSE
https://www.transfermarkt.com/bruno-guimaraes/profil/spieler/520624,FALSE
https://www.transfermarkt.com/bryan-mbeumo/profil/spieler/413039,FALSE
https://www.transfermarkt.com/bukayo-saka/profil/spieler/433177,FALSE
https://www.transfermarkt.com/maximilian-kilman/profil/spieler/525247,FALSE
https://www.transfermarkt.com/edson-alvarez/profil/spieler/401356,FALSE
https://www.transfermarkt.com/felix-nmecha/profil/spieler/406640,FALSE
https://www.transfermarkt.com/carlos-baleba/profil/spieler/973085,FALSE
https://www.transfermarkt.com/castello-lukeba/profil/spieler/618472,FALSE
https://www.transfermarkt.com/charles-de-ketelaere/profil/spieler/435772,FALSE
https://www.transfermarkt.com/joan-garcia/profil/spieler/561613,FALSE
https://www.transfermarkt.com/benoit-badiashile/profil/spieler/463603,FALSE
https://www.transfermarkt.com/sepp-van-den-berg/profil/spieler/541231,FALSE
https://www.transfermarkt.com/christian-pulisic/profil/spieler/315779,FALSE
https://www.transfermarkt.com/jonathan-burkardt/profil/spieler/333647,FALSE
https://www.transfermarkt.com/daniel-munoz/profil/spieler/493003,FALSE
https://www.transfermarkt.com/cody-gakpo/profil/spieler/434675,FALSE
https://www.transfermarkt.com/cole-palmer/profil/spieler/568177,FALSE
https://www.transfermarkt.com/johan-bakayoko/profil/spieler/565424,FALSE
https://www.transfermarkt.com/conor-gallagher/profil/spieler/488362,FALSE
https://www.transfermarkt.com/mike-maignan/profil/spieler/182906,FALSE
https://www.transfermarkt.com/conor-bradley/profil/spieler/624258,FALSE
https://www.transfermarkt.com/cristian-romero/profil/spieler/355915,FALSE
https://www.transfermarkt.com/gabriel-sara/profil/spieler/553469,FALSE
https://www.transfermarkt.com/curtis-jones/profil/spieler/433188,FALSE
https://www.transfermarkt.com/dan-ndoye/profil/spieler/365108,FALSE
https://www.transfermarkt.com/toti/profil/spieler/606718,FALSE
https://www.transfermarkt.com/dani-olmo/profil/spieler/293385,FALSE
https://www.transfermarkt.com/dani-vivian/profil/spieler/524000,FALSE
https://www.transfermarkt.com/ritsu-doan/profil/spieler/358504,FALSE
https://www.transfermarkt.com/ayyoub-bouaddi/profil/spieler/1097139,FALSE
https://www.transfermarkt.com/darwin-nunez/profil/spieler/546543,FALSE
https://www.transfermarkt.com/orkun-kokcu/profil/spieler/454567,FALSE
https://www.transfermarkt.com/moussa-diaby/profil/spieler/395516,FALSE
https://www.transfermarkt.com/david-raya/profil/spieler/262749,FALSE
https://www.transfermarkt.com/davide-frattesi/profil/spieler/394300,FALSE
https://www.transfermarkt.com/dayot-upamecano/profil/spieler/344695,FALSE
https://www.transfermarkt.com/dean-huijsen/profil/spieler/890290,FALSE
https://www.transfermarkt.com/declan-rice/profil/spieler/357662,FALSE
https://www.transfermarkt.com/dejan-kulusevski/profil/spieler/431755,FALSE
https://www.transfermarkt.com/eliesse-ben-seghir/profil/spieler/810895,FALSE
https://www.transfermarkt.com/denzel-dumfries/profil/spieler/321528,FALSE
https://www.transfermarkt.com/desire-doue/profil/spieler/914562,FALSE
https://www.transfermarkt.com/destiny-udogie/profil/spieler/556385,FALSE
https://www.transfermarkt.com/matty-cash/profil/spieler/425334,FALSE
https://www.transfermarkt.com/diogo-costa/profil/spieler/357153,FALSE
https://www.transfermarkt.com/hakan-calhanoglu/profil/spieler/126414,FALSE
https://www.transfermarkt.com/kerem-akturkoglu/profil/spieler/382528,FALSE
https://www.transfermarkt.com/dominic-solanke/profil/spieler/258889,FALSE
https://www.transfermarkt.com/dominik-szoboszlai/profil/spieler/451276,FALSE
https://www.transfermarkt.com/andre-onana/profil/spieler/234509,FALSE
https://www.transfermarkt.com/quinten-timber/profil/spieler/420213,FALSE
https://www.transfermarkt.com/dusan-vlahovic/profil/spieler/357498,FALSE
https://www.transfermarkt.com/wilfried-singo/profil/spieler/648779,FALSE
https://www.transfermarkt.com/eberechi-eze/profil/spieler/479999,FALSE
https://www.transfermarkt.com/pedro-goncalves/profil/spieler/426620,FALSE
https://www.transfermarkt.com/ederson/profil/spieler/607854,FALSE
https://www.transfermarkt.com/edmond-tapsoba/profil/spieler/564545,FALSE
https://www.transfermarkt.com/maxence-lacroix/profil/spieler/434224,FALSE
https://www.transfermarkt.com/ferdi-kadioglu/profil/spieler/369316,FALSE
https://www.transfermarkt.com/yves-bissouma/profil/spieler/410425,FALSE
https://www.transfermarkt.com/eduardo-camavinga/profil/spieler/640428,FALSE
https://www.transfermarkt.com/pierre-kalulu/profil/spieler/585949,FALSE
https://www.transfermarkt.com/elliot-anderson/profil/spieler/567576,FALSE
https://www.transfermarkt.com/wilfried-gnonto/profil/spieler/627626,FALSE
https://www.transfermarkt.com/maximilian-beier/profil/spieler/578392,FALSE
https://www.transfermarkt.com/nicolo-rovella/profil/spieler/525704,FALSE
https://www.transfermarkt.com/endrick/profil/spieler/971570,FALSE
https://www.transfermarkt.com/enzo-fernandez/profil/spieler/648195,FALSE
https://www.transfermarkt.com/enzo-millot/profil/spieler/569366,FALSE
https://www.transfermarkt.com/erling-haaland/profil/spieler/418560,FALSE
https://www.transfermarkt.com/marcos-senesi/profil/spieler/469781,FALSE
https://www.transfermarkt.com/estevao/profil/spieler/1056993,FALSE
https://www.transfermarkt.com/ethan-nwaneri/profil/spieler/890719,FALSE
https://www.transfermarkt.com/cheick-doucoure/profil/spieler/543387,FALSE
https://www.transfermarkt.com/kevin-schade/profil/spieler/473050,FALSE
https://www.transfermarkt.com/evanilson/profil/spieler/711337,FALSE
https://www.transfermarkt.com/wesley-fofana/profil/spieler/475411,FALSE
https://www.transfermarkt.com/exequiel-palacios/profil/spieler/401578,FALSE
https://www.transfermarkt.com/ezri-konsa/profil/spieler/413403,FALSE
https://www.transfermarkt.com/fabian-ruiz/profil/spieler/350219,FALSE
https://www.transfermarkt.com/georges-mikautadze/profil/spieler/729814,FALSE
https://www.transfermarkt.com/aitor-paredes/profil/spieler/591916,FALSE
https://www.transfermarkt.com/ismaila-sarr/profil/spieler/410225,FALSE
https://www.transfermarkt.com/federico-dimarco/profil/spieler/198116,FALSE
https://www.transfermarkt.com/paul-nebel/profil/spieler/503160,FALSE
https://www.transfermarkt.com/federico-valverde/profil/spieler/369081,FALSE
https://www.transfermarkt.com/nathan-collins/profil/spieler/469050,FALSE
https://www.transfermarkt.com/facundo-medina/profil/spieler/474800,FALSE
https://www.transfermarkt.com/fermin-lopez/profil/spieler/636703,FALSE
https://www.transfermarkt.com/ferran-torres/profil/spieler/398184,FALSE
https://www.transfermarkt.com/jhon-lucumi/profil/spieler/413565,FALSE
https://www.transfermarkt.com/florian-wirtz/profil/spieler/598577,FALSE
https://www.transfermarkt.com/joao-palhinha/profil/spieler/257455,FALSE
https://www.transfermarkt.com/francisco-trincao/profil/spieler/412669,FALSE
https://www.transfermarkt.com/guglielmo-vicario/profil/spieler/286047,FALSE
https://www.transfermarkt.com/bafode-diakite/profil/spieler/463605,FALSE
https://www.transfermarkt.com/frenkie-de-jong/profil/spieler/326330,FALSE
https://www.transfermarkt.com/santiago-gimenez/profil/spieler/552955,FALSE
https://www.transfermarkt.com/gabriel-magalhaes/profil/spieler/435338,FALSE
https://www.transfermarkt.com/gabriel-martinelli/profil/spieler/655488,FALSE
https://www.transfermarkt.com/arnaud-kalimuendo/profil/spieler/585959,FALSE
https://www.transfermarkt.com/nico-gonzalez/profil/spieler/486031,FALSE
https://www.transfermarkt.com/gavi/profil/spieler/646740,FALSE
https://www.transfermarkt.com/yuri-alberto/profil/spieler/489893,FALSE
https://www.transfermarkt.com/georginio-rutter/profil/spieler/538977,FALSE
https://www.transfermarkt.com/christopher-nkunku/profil/spieler/344381,FALSE
https://www.transfermarkt.com/geovany-quenda/profil/spieler/1138758,FALSE
https://www.transfermarkt.com/mile-svilar/profil/spieler/338670,FALSE
https://www.transfermarkt.com/taty-castellanos/profil/spieler/522784,FALSE
https://www.transfermarkt.com/federico-gatti/profil/spieler/509022,FALSE
https://www.transfermarkt.com/gianluigi-donnarumma/profil/spieler/315858,FALSE
https://www.transfermarkt.com/randal-kolo-muani/profil/spieler/487969,FALSE
https://www.transfermarkt.com/giorgio-scalvini/profil/spieler/571604,FALSE
https://www.transfermarkt.com/giuliano-simeone/profil/spieler/742201,FALSE
https://www.transfermarkt.com/goncalo-inacio/profil/spieler/549006,FALSE
https://www.transfermarkt.com/goncalo-ramos/profil/spieler/550550,FALSE
https://www.transfermarkt.com/gregor-kobel/profil/spieler/257814,FALSE
https://www.transfermarkt.com/bart-verbruggen/profil/spieler/565093,FALSE
https://www.transfermarkt.com/alejandro-grimaldo/profil/spieler/193082,FALSE
https://www.transfermarkt.com/harry-kane/profil/spieler/132098,FALSE
https://www.transfermarkt.com/harvey-barnes/profil/spieler/398065,FALSE
https://www.transfermarkt.com/vitor-reis/profil/spieler/1005575,FALSE
https://www.transfermarkt.com/donyell-malen/profil/spieler/326029,FALSE
https://www.transfermarkt.com/hugo-ekitike/profil/spieler/709726,FALSE
https://www.transfermarkt.com/hugo-larsson/profil/spieler/931838,FALSE
https://www.transfermarkt.com/lucas-beraldo/profil/spieler/872171,FALSE
https://www.transfermarkt.com/galeno/profil/spieler/454121,FALSE
https://www.transfermarkt.com/ibrahima-konate/profil/spieler/357119,FALSE
https://www.transfermarkt.com/igor-paixao/profil/spieler/653610,FALSE
https://www.transfermarkt.com/elye-wahi/profil/spieler/659542,FALSE
https://www.transfermarkt.com/ilya-zabarnyi/profil/spieler/659089,FALSE
https://www.transfermarkt.com/amine-gouiri/profil/spieler/418659,FALSE
https://www.transfermarkt.com/jakub-kiwior/profil/spieler/425918,FALSE
https://www.transfermarkt.com/dilane-bakwa/profil/spieler/540664,FALSE
https://www.transfermarkt.com/rodrigo-de-paul/profil/spieler/255901,FALSE
https://www.transfermarkt.com/joachim-andersen/profil/spieler/260827,FALSE
https://www.transfermarkt.com/conrad-harder/profil/spieler/807386,FALSE
https://www.transfermarkt.com/theo-hernandez/profil/spieler/339808,FALSE
https://www.transfermarkt.com/mason-mount/profil/spieler/346483,FALSE
https://www.transfermarkt.com/manuel-akanji/profil/spieler/284730,FALSE
https://www.transfermarkt.com/jamal-musiala/profil/spieler/580195,FALSE
https://www.transfermarkt.com/james-maddison/profil/spieler/294057,FALSE
https://www.transfermarkt.com/martin-baturina/profil/spieler/580451,FALSE
https://www.transfermarkt.com/jamie-gittens/profil/spieler/670882,FALSE
https://www.transfermarkt.com/jan-paul-van-hecke/profil/spieler/576314,FALSE
https://www.transfermarkt.com/jarrad-branthwaite/profil/spieler/661053,FALSE
https://www.transfermarkt.com/jarrod-bowen/profil/spieler/314875,FALSE
https://www.transfermarkt.com/pietro-comuzzo/profil/spieler/746712,FALSE
https://www.transfermarkt.com/javi-guerra/profil/spieler/834764,FALSE
https://www.transfermarkt.com/evan-ndicka/profil/spieler/371149,FALSE
https://www.transfermarkt.com/pedro/profil/spieler/432895,FALSE
https://www.transfermarkt.com/jeremie-frimpong/profil/spieler/484547,FALSE
https://www.transfermarkt.com/jeremy-doku/profil/spieler/486049,FALSE
https://www.transfermarkt.com/mikel-jauregizar/profil/spieler/938729,FALSE
https://www.transfermarkt.com/jhon-duran/profil/spieler/649317,FALSE
https://www.transfermarkt.com/romelu-lukaku/profil/spieler/96341,FALSE
https://www.transfermarkt.com/antonio-nusa/profil/spieler/894914,FALSE
https://www.transfermarkt.com/radu-dragusin/profil/spieler/568559,FALSE
https://www.transfermarkt.com/joao-gomes/profil/spieler/735570,FALSE
https://www.transfermarkt.com/joao-neves/profil/spieler/670681,FALSE
https://www.transfermarkt.com/anatoliy-trubin/profil/spieler/537844,FALSE
https://www.transfermarkt.com/joao-pedro/profil/spieler/626724,FALSE
https://www.transfermarkt.com/josip-sutalo/profil/spieler/371001,FALSE
https://www.transfermarkt.com/facundo-buonanotte/profil/spieler/983989,FALSE
https://www.transfermarkt.com/danilo/profil/spieler/808509,FALSE
https://www.transfermarkt.com/joelinton/profil/spieler/333241,FALSE
https://www.transfermarkt.com/evann-guessand/profil/spieler/500689,FALSE
https://www.transfermarkt.com/franco-mastantuono/profil/spieler/1057316,FALSE
https://www.transfermarkt.com/konrad-laimer/profil/spieler/223967,FALSE
https://www.transfermarkt.com/alberto-moleiro/profil/spieler/733576,FALSE
https://www.transfermarkt.com/vitor-roque/profil/spieler/943837,FALSE
https://www.transfermarkt.com/jonathan-david/profil/spieler/533738,FALSE
https://www.transfermarkt.com/manuel-locatelli/profil/spieler/265088,FALSE
https://www.transfermarkt.com/zeno-debast/profil/spieler/548193,FALSE
https://www.transfermarkt.com/jorrel-hato/profil/spieler/904802,FALSE
https://www.transfermarkt.com/joshua-kimmich/profil/spieler/161056,FALSE
https://www.transfermarkt.com/douglas-luiz/profil/spieler/447661,FALSE
https://www.transfermarkt.com/josip-stanisic/profil/spieler/483046,FALSE
https://www.transfermarkt.com/virgil-van-dijk/profil/spieler/139208,FALSE
https://www.transfermarkt.com/josko-gvardiol/profil/spieler/475959,FALSE
https://www.transfermarkt.com/jude-bellingham/profil/spieler/581678,FALSE
https://www.transfermarkt.com/jules-kounde/profil/spieler/411975,FALSE
https://www.transfermarkt.com/julian-alvarez/profil/spieler/576024,FALSE
https://www.transfermarkt.com/marcos-llorente/profil/spieler/282411,FALSE
https://www.transfermarkt.com/lorenzo-lucca/profil/spieler/572265,FALSE
https://www.transfermarkt.com/jurrien-timber/profil/spieler/420243,FALSE
https://www.transfermarkt.com/justin-kluivert/profil/spieler/330659,FALSE
https://www.transfermarkt.com/kai-havertz/profil/spieler/309400,FALSE
https://www.transfermarkt.com/luiz-henrique/profil/spieler/800175,FALSE
https://www.transfermarkt.com/kaoru-mitoma/profil/spieler/504849,FALSE
https://www.transfermarkt.com/karim-adeyemi/profil/spieler/496094,FALSE
https://www.transfermarkt.com/jobe-bellingham/profil/spieler/796297,FALSE
https://www.transfermarkt.com/kenan-yildiz/profil/spieler/845654,FALSE
https://www.transfermarkt.com/ian-maatsen/profil/spieler/485585,FALSE
https://www.transfermarkt.com/keane-lewis-potter/profil/spieler/644401,FALSE
https://www.transfermarkt.com/gerson/profil/spieler/341705,FALSE
https://www.transfermarkt.com/giorgi-mamardashvili/profil/spieler/502676,FALSE
https://www.transfermarkt.com/khephren-thuram/profil/spieler/463618,FALSE
https://www.transfermarkt.com/khvicha-kvaratskhelia/profil/spieler/502670,FALSE
https://www.transfermarkt.com/francisco-conceicao/profil/spieler/487474,FALSE
https://www.transfermarkt.com/kobbie-mainoo/profil/spieler/820374,FALSE
https://www.transfermarkt.com/ibrahim-sangare/profil/spieler/375885,FALSE
https://www.transfermarkt.com/lucas-hernandez/profil/spieler/281963,FALSE
https://www.transfermarkt.com/weston-mckennie/profil/spieler/332697,FALSE
https://www.transfermarkt.com/luis-henrique/profil/spieler/691316,FALSE
https://www.transfermarkt.com/kylian-mbappe/profil/spieler/342229,FALSE
https://www.transfermarkt.com/gianluca-scamacca/profil/spieler/315867,FALSE
https://www.transfermarkt.com/lamine-yamal/profil/spieler/937958,FALSE
https://www.transfermarkt.com/lautaro-martinez/profil/spieler/406625,FALSE
https://www.transfermarkt.com/joe-willock/profil/spieler/340329,FALSE
https://www.transfermarkt.com/crysencio-summerville/profil/spieler/474701,FALSE
https://www.transfermarkt.com/leny-yoro/profil/spieler/923831,FALSE
https://www.transfermarkt.com/lucas-paqueta/profil/spieler/444523,FALSE
https://www.transfermarkt.com/brais-mendez/profil/spieler/309110,FALSE
https://www.transfermarkt.com/jacob-ramsey/profil/spieler/503749,FALSE
https://www.transfermarkt.com/levi-colwill/profil/spieler/614258,FALSE
https://www.transfermarkt.com/ismael-saibari/profil/spieler/702869,FALSE
https://www.transfermarkt.com/lewis-hall/profil/spieler/670858,FALSE
https://www.transfermarkt.com/youssef-en-nesyri/profil/spieler/433049,FALSE
https://www.transfermarkt.com/liam-delap/profil/spieler/610849,FALSE
https://www.transfermarkt.com/lisandro-martinez/profil/spieler/480762,FALSE
https://www.transfermarkt.com/tyrick-mitchell/profil/spieler/730893,FALSE
https://www.transfermarkt.com/lois-openda/profil/spieler/368887,FALSE
https://www.transfermarkt.com/samuel-lino/profil/spieler/694928,FALSE
https://www.transfermarkt.com/leon-bailey/profil/spieler/387626,FALSE
https://www.transfermarkt.com/lucas-bergvall/profil/spieler/866246,FALSE
https://www.transfermarkt.com/david-hancko/profil/spieler/404418,FALSE
https://www.transfermarkt.com/ivan-toney/profil/spieler/251664,FALSE
https://www.transfermarkt.com/carlos-augusto/profil/spieler/585982,FALSE
https://www.transfermarkt.com/luis-diaz/profil/spieler/480692,FALSE
https://www.transfermarkt.com/oscar-bobb/profil/spieler/661207,FALSE
https://www.transfermarkt.com/thiago-almada/profil/spieler/576028,FALSE
https://www.transfermarkt.com/maghnes-akliouche/profil/spieler/745200,FALSE
https://www.transfermarkt.com/wesley/profil/spieler/964580,FALSE
https://www.transfermarkt.com/mario-gila/profil/spieler/618341,FALSE
https://www.transfermarkt.com/malik-tillman/profil/spieler/467437,FALSE
https://www.transfermarkt.com/malo-gusto/profil/spieler/620322,FALSE
https://www.transfermarkt.com/manu-kone/profil/spieler/624690,FALSE
https://www.transfermarkt.com/alex-iwobi/profil/spieler/242631,FALSE
https://www.transfermarkt.com/rodrigo-bentancur/profil/spieler/354362,FALSE
https://www.transfermarkt.com/manuel-ugarte/profil/spieler/476701,FALSE
https://www.transfermarkt.com/matias-soule/profil/spieler/668951,FALSE
https://www.transfermarkt.com/marc-cucurella/profil/spieler/284857,FALSE
https://www.transfermarkt.com/marc-guehi/profil/spieler/392757,FALSE
https://www.transfermarkt.com/joey-veerman/profil/spieler/408574,FALSE
https://www.transfermarkt.com/mikel-oyarzabal/profil/spieler/351478,FALSE
https://www.transfermarkt.com/jerdy-schouten/profil/spieler/347900,FALSE
https://www.transfermarkt.com/marcus-rashford/profil/spieler/258923,FALSE
https://www.transfermarkt.com/marcus-thuram/profil/spieler/318528,FALSE
https://www.transfermarkt.com/leroy-sane/profil/spieler/192565,FALSE
https://www.transfermarkt.com/marquinhos/profil/spieler/181767,FALSE
https://www.transfermarkt.com/koni-de-winter/profil/spieler/490384,FALSE
https://www.transfermarkt.com/martin-odegaard/profil/spieler/316264,FALSE
https://www.transfermarkt.com/martin-zubimendi/profil/spieler/423440,FALSE
https://www.transfermarkt.com/mason-greenwood/profil/spieler/532826,FALSE
https://www.transfermarkt.com/vitaliy-mykolenko/profil/spieler/404842,FALSE
https://www.transfermarkt.com/mateo-retegui/profil/spieler/554903,FALSE
https://www.transfermarkt.com/matheus-cunha/profil/spieler/517894,FALSE
https://www.transfermarkt.com/matheus-nunes/profil/spieler/601883,FALSE
https://www.transfermarkt.com/mathys-tel/profil/spieler/801734,FALSE
https://www.transfermarkt.com/tom-bischof/profil/spieler/822959,FALSE
https://www.transfermarkt.com/callum-hudson-odoi/profil/spieler/392768,FALSE
https://www.transfermarkt.com/leon-goretzka/profil/spieler/153084,FALSE
https://www.transfermarkt.com/matteo-guendouzi/profil/spieler/465830,FALSE
https://www.transfermarkt.com/matthijs-de-ligt/profil/spieler/326031,FALSE
https://www.transfermarkt.com/giacomo-raspadori/profil/spieler/405885,FALSE
https://www.transfermarkt.com/calvin-bassey/profil/spieler/461883,FALSE
https://www.transfermarkt.com/loic-bade/profil/spieler/730581,FALSE
https://www.transfermarkt.com/marco-carnesecchi/profil/spieler/459763,FALSE
https://www.transfermarkt.com/michael-olise/profil/spieler/566723,FALSE
https://www.transfermarkt.com/micky-van-de-ven/profil/spieler/557459,FALSE
https://www.transfermarkt.com/assane-diao/profil/spieler/1061282,FALSE
https://www.transfermarkt.com/sander-berge/profil/spieler/333014,FALSE
https://www.transfermarkt.com/harvey-elliott/profil/spieler/565822,FALSE
https://www.transfermarkt.com/mikel-merino/profil/spieler/338424,FALSE
https://www.transfermarkt.com/nathan-ake/profil/spieler/177476,FALSE
https://www.transfermarkt.com/samuele-ricci/profil/spieler/467992,FALSE
https://www.transfermarkt.com/stanislav-lobotka/profil/spieler/192735,FALSE
https://www.transfermarkt.com/milos-kerkez/profil/spieler/730861,FALSE
https://www.transfermarkt.com/min-jae-kim/profil/spieler/503482,FALSE
https://www.transfermarkt.com/mohamed-amoura/profil/spieler/746910,FALSE
https://www.transfermarkt.com/mohamed-salah/profil/spieler/148455,FALSE
https://www.transfermarkt.com/stefanos-tzimas/profil/spieler/950091,FALSE
https://www.transfermarkt.com/mohammed-kudus/profil/spieler/543499,FALSE
https://www.transfermarkt.com/moise-kean/profil/spieler/364135,FALSE
https://www.transfermarkt.com/moises-caicedo/profil/spieler/687626,FALSE
https://www.transfermarkt.com/morgan-gibbs-white/profil/spieler/429014,FALSE
https://www.transfermarkt.com/morgan-rogers/profil/spieler/503743,FALSE
https://www.transfermarkt.com/morten-hjulmand/profil/spieler/461496,FALSE
https://www.transfermarkt.com/emile-smith-rowe/profil/spieler/392765,FALSE
https://www.transfermarkt.com/murillo/profil/spieler/1005649,FALSE
https://www.transfermarkt.com/myles-lewis-skelly/profil/spieler/890721,FALSE
https://www.transfermarkt.com/alexander-sorloth/profil/spieler/238407,FALSE
https://www.transfermarkt.com/jadon-sancho/profil/spieler/401173,FALSE
https://www.transfermarkt.com/taylor-harwood-bellis/profil/spieler/503977,FALSE
https://www.transfermarkt.com/joshua-zirkzee/profil/spieler/435648,FALSE
https://www.transfermarkt.com/nico-gonzalez/profil/spieler/466805,FALSE
https://www.transfermarkt.com/dodo/profil/spieler/401529,FALSE
https://www.transfermarkt.com/nico-paz/profil/spieler/948294,FALSE
https://www.transfermarkt.com/nico-schlotterbeck/profil/spieler/388198,FALSE
https://www.transfermarkt.com/nico-williams/profil/spieler/709187,FALSE
https://www.transfermarkt.com/nicolas-jackson/profil/spieler/776890,FALSE
https://www.transfermarkt.com/nicolo-barella/profil/spieler/255942,FALSE
https://www.transfermarkt.com/marc-casado/profil/spieler/636695,FALSE
https://www.transfermarkt.com/nikola-milenkovic/profil/spieler/413507,FALSE
https://www.transfermarkt.com/ruben-neves/profil/spieler/225161,FALSE
https://www.transfermarkt.com/noni-madueke/profil/spieler/503987,FALSE
https://www.transfermarkt.com/benjamin-pavard/profil/spieler/353366,FALSE
https://www.transfermarkt.com/nuno-mendes/profil/spieler/616341,FALSE
https://www.transfermarkt.com/evan-ferguson/profil/spieler/648046,FALSE
https://www.transfermarkt.com/kenneth-taylor/profil/spieler/470394,FALSE
https://www.transfermarkt.com/oihan-sancet/profil/spieler/571020,FALSE
https://www.transfermarkt.com/chris-rigg/profil/spieler/947411,FALSE
https://www.transfermarkt.com/ollie-watkins/profil/spieler/324358,FALSE
https://www.transfermarkt.com/omar-marmoush/profil/spieler/445939,FALSE
https://www.transfermarkt.com/roger/profil/spieler/906329,FALSE
https://www.transfermarkt.com/reece-james/profil/spieler/472423,FALSE
https://www.transfermarkt.com/kang-in-lee/profil/spieler/557149,FALSE
https://www.transfermarkt.com/ousmane-dembele/profil/spieler/288230,FALSE
https://www.transfermarkt.com/ousmane-diomande/profil/spieler/974982,FALSE
https://www.transfermarkt.com/pablo-barrios/profil/spieler/775605,FALSE
https://www.transfermarkt.com/georgiy-sudakov/profil/spieler/623325,FALSE
https://www.transfermarkt.com/lewis-ferguson/profil/spieler/428563,FALSE
https://www.transfermarkt.com/pio-esposito/profil/spieler/930781,FALSE
https://www.transfermarkt.com/pau-cubarsi/profil/spieler/962110,FALSE
https://www.transfermarkt.com/malick-fofana/profil/spieler/743386,FALSE
https://www.transfermarkt.com/lewis-miley/profil/spieler/922769,FALSE
https://www.transfermarkt.com/pedri/profil/spieler/683840,FALSE
https://www.transfermarkt.com/axel-disasi/profil/spieler/386047,FALSE
https://www.transfermarkt.com/jean-philippe-mateta/profil/spieler/420002,FALSE
https://www.transfermarkt.com/pedro-neto/profil/spieler/487465,FALSE
https://www.transfermarkt.com/pedro-porro/profil/spieler/553875,FALSE
https://www.transfermarkt.com/brian-brobbey/profil/spieler/473169,FALSE
https://www.transfermarkt.com/kingsley-coman/profil/spieler/243714,FALSE
https://www.transfermarkt.com/phil-foden/profil/spieler/406635,FALSE
https://www.transfermarkt.com/piero-hincapie/profil/spieler/659813,FALSE
https://www.transfermarkt.com/jonathan-tah/profil/spieler/196357,FALSE
https://www.transfermarkt.com/johnny-cardoso/profil/spieler/689505,FALSE
https://www.transfermarkt.com/sam-beukema/profil/spieler/433984,FALSE
https://www.transfermarkt.com/takefusa-kubo/profil/spieler/405398,FALSE
https://www.transfermarkt.com/tyler-dibling/profil/spieler/866655,FALSE
https://www.transfermarkt.com/rafael-leao/profil/spieler/357164,FALSE
https://www.transfermarkt.com/jorgen-strand-larsen/profil/spieler/429983,FALSE
https://www.transfermarkt.com/lamine-camara/profil/spieler/918969,FALSE
https://www.transfermarkt.com/raphinha/profil/spieler/411295,FALSE
https://www.transfermarkt.com/rasmus-hojlund/profil/spieler/610442,FALSE
https://www.transfermarkt.com/raul-asencio/profil/spieler/935245,FALSE
https://www.transfermarkt.com/rayan-ait-nouri/profil/spieler/578391,FALSE
https://www.transfermarkt.com/rayan-cherki/profil/spieler/607223,FALSE
https://www.transfermarkt.com/nick-woltemade/profil/spieler/455661,FALSE
https://www.transfermarkt.com/dwight-mcneil/profil/spieler/584769,FALSE
https://www.transfermarkt.com/riccardo-calafiori/profil/spieler/502821,FALSE
https://www.transfermarkt.com/mats-wieffer/profil/spieler/415381,FALSE
https://www.transfermarkt.com/rico-lewis/profil/spieler/701057,FALSE
https://www.transfermarkt.com/eduard-spertsyan/profil/spieler/515744,FALSE
https://www.transfermarkt.com/robin-le-normand/profil/spieler/351809,FALSE
https://www.transfermarkt.com/rodri/profil/spieler/357565,FALSE
https://www.transfermarkt.com/andre/profil/spieler/800176,FALSE
https://www.transfermarkt.com/noussair-mazraoui/profil/spieler/340456,FALSE
https://www.transfermarkt.com/rodrigo-mora/profil/spieler/957653,FALSE
https://www.transfermarkt.com/rodrygo/profil/spieler/412363,FALSE
https://www.transfermarkt.com/jack-hinshelwood/profil/spieler/867688,FALSE
https://www.transfermarkt.com/serge-gnabry/profil/spieler/159471,FALSE
https://www.transfermarkt.com/romeo-lavia/profil/spieler/628451,FALSE
https://www.transfermarkt.com/ronald-araujo/profil/spieler/480267,FALSE
https://www.transfermarkt.com/ruben-dias/profil/spieler/258004,FALSE
https://www.transfermarkt.com/kevin-danso/profil/spieler/263236,FALSE
https://www.transfermarkt.com/ryan-gravenberch/profil/spieler/478573,FALSE
https://www.transfermarkt.com/unai-simon/profil/spieler/262396,FALSE
https://www.transfermarkt.com/samu-aghehowa/profil/spieler/991268,FALSE
https://www.transfermarkt.com/iliman-ndiaye/profil/spieler/623570,FALSE
https://www.transfermarkt.com/mikkel-damsgaard/profil/spieler/540941,FALSE
https://www.transfermarkt.com/julian-brandt/profil/spieler/187492,FALSE
https://www.transfermarkt.com/sandro-tonali/profil/spieler/397033,FALSE
https://www.transfermarkt.com/santiago-castro/profil/spieler/849520,FALSE
https://www.transfermarkt.com/youssouf-fofana/profil/spieler/569598,FALSE
https://www.transfermarkt.com/savinho/profil/spieler/743591,FALSE
https://www.transfermarkt.com/scott-mctominay/profil/spieler/315969,FALSE
https://www.transfermarkt.com/fabio-vieira/profil/spieler/537598,FALSE
https://www.transfermarkt.com/matt-oriley/profil/spieler/406634,FALSE
https://www.transfermarkt.com/serhou-guirassy/profil/spieler/270541,FALSE
https://www.transfermarkt.com/denis-zakaria/profil/spieler/334526,FALSE
https://www.transfermarkt.com/hiroki-ito/profil/spieler/353892,FALSE
https://www.transfermarkt.com/arthur-theate/profil/spieler/368891,FALSE
https://www.transfermarkt.com/sven-botman/profil/spieler/361093,FALSE
https://www.transfermarkt.com/eder-militao/profil/spieler/401530,FALSE
https://www.transfermarkt.com/nuno-tavares/profil/spieler/535955,FALSE
https://www.transfermarkt.com/james-trafford/profil/spieler/566799,FALSE
https://www.transfermarkt.com/teun-koopmeiners/profil/spieler/360518,FALSE
https://www.transfermarkt.com/pape-matar-sarr/profil/spieler/568693,FALSE
https://www.transfermarkt.com/renato-veiga/profil/spieler/805714,FALSE
https://www.transfermarkt.com/ermedin-demirovic/profil/spieler/335457,FALSE
https://www.transfermarkt.com/tijjani-reijnders/profil/spieler/460939,FALSE
https://www.transfermarkt.com/tino-livramento/profil/spieler/503981,FALSE
https://www.transfermarkt.com/yankuba-minteh/profil/spieler/1012534,FALSE
https://www.transfermarkt.com/tomas-araujo/profil/spieler/504087,FALSE
https://www.transfermarkt.com/simon-adingra/profil/spieler/658536,FALSE
https://www.transfermarkt.com/trent-alexander-arnold/profil/spieler/314353,FALSE
https://www.transfermarkt.com/noa-lang/profil/spieler/339332,FALSE
https://www.transfermarkt.com/emanuel-emegha/profil/spieler/559328,FALSE
https://www.transfermarkt.com/jean-clair-todibo/profil/spieler/605184,FALSE
https://www.transfermarkt.com/patrick-dorgu/profil/spieler/926952,FALSE
https://www.transfermarkt.com/vangelis-pavlidis/profil/spieler/324503,FALSE
https://www.transfermarkt.com/victor-boniface/profil/spieler/656681,FALSE
https://www.transfermarkt.com/victor-osimhen/profil/spieler/401923,FALSE
https://www.transfermarkt.com/viktor-gyokeres/profil/spieler/325443,FALSE
https://www.transfermarkt.com/vinicius-junior/profil/spieler/371998,FALSE
https://www.transfermarkt.com/mohamed-simakan/profil/spieler/666234,FALSE
https://www.transfermarkt.com/patrik-schick/profil/spieler/242086,FALSE
https://www.transfermarkt.com/vitinha/profil/spieler/487469,FALSE
https://www.transfermarkt.com/yeremy-pino/profil/spieler/568157,FALSE
https://www.transfermarkt.com/florentino/profil/spieler/357162,FALSE
https://www.transfermarkt.com/warren-zaire-emery/profil/spieler/810092,FALSE
https://www.transfermarkt.com/leandro-trossard/profil/spieler/144028,FALSE
https://www.transfermarkt.com/christos-tzolis/profil/spieler/451677,FALSE
https://www.transfermarkt.com/malcom/profil/spieler/323704,FALSE
https://www.transfermarkt.com/beto/profil/spieler/595809,FALSE
https://www.transfermarkt.com/brajan-gruda/profil/spieler/700106,FALSE
https://www.transfermarkt.com/william-saliba/profil/spieler/495666,FALSE
https://www.transfermarkt.com/willian-pacho/profil/spieler/661171,FALSE
https://www.transfermarkt.com/xavi-simons/profil/spieler/566931,FALSE
https://www.transfermarkt.com/gabriel-jesus/profil/spieler/363205,FALSE
https://www.transfermarkt.com/yann-bisseck/profil/spieler/441986,FALSE
https://www.transfermarkt.com/nathaniel-brown/profil/spieler/691892,FALSE
https://www.transfermarkt.com/yoane-wissa/profil/spieler/388165,FALSE
https://www.transfermarkt.com/mika-biereth/profil/spieler/565821,FALSE
https://www.transfermarkt.com/youri-tielemans/profil/spieler/249565,FALSE
https://www.transfermarkt.com/omari-hutchinson/profil/spieler/741238,FALSE
https://www.transfermarkt.com/jesus-rodriguez/profil/spieler/1190411,FALSE
https://www.transfermarkt.com/julio-enciso/profil/spieler/660867,FALSE
https://www.transfermarkt.com/edon-zhegrova/profil/spieler/496857,FALSE
https://www.transfermarkt.com/david-neres/profil/spieler/469822,FALSE
